{"cameraMode":{"drawMode":0,"name":"Shaded","section":"Shading Mode"},"sceneLighting":true,"audioPlay":false,"sceneViewState":{"m_AlwaysRefresh":false,"showFog":true,"showSkybox":true,"showFlares":true,"showImageEffects":true,"showParticleSystems":true,"showVisualEffectGraphs":true,"m_FxEnabled":true},"in2DMode":false,"pivot":{"x":1.0020606517791749,"y":-3.7399516105651857,"z":8.383562088012696},"rotation":{"x":0.25253361463546755,"y":0.010153231211006642,"z":-0.0026491102762520315,"w":0.9675449728965759},"size":8.1324462890625,"orthographic":false}